stt,title,category,content_preview
1,Bài văn khấn cúng mụ,"Lễ mừng thọ, cưới hỏi, sinh dưỡng","Nam mô a di Đà Phật\! 
Nam mô a di Đà Phật\! 
Nam mô a di Đà Phật\! 
Nam mô Đại Bi Quan Thế Âm Bồ tát 
\- Con kính lạy Đệ nhất Thiên tỷ đại tiên chúa. 
\- Con kính lạy Đệ nhị Thiên đế đại tiên chúa. 
\- Con kính lạy Đệ tam Tiên Mụ đại tiên chúa. 
\- Con kính lạy Thập nhị bộ Tiên Nương. 
\- Con kính lạy Tam thập lục cung chư vị Tiên Nương. 
Hôm nay là ngày.....tháng..... năm....... 
Vợ chồng con là ...................... sinh được con (trai, gái) đặt tên là………. Chúng con ngụ tại:………………………………………………………… 
Nay nhân ngày đầy năm (đầy cữ, đầy tháng) chúng con thành tâm sắm lễ vật dâng  bầy lên trước án, trước bàn tọa chư vị Tôn thân kính cẩn tấu trình: 
Nhờ ơn thập phương chư Phật, chư vị Thánh hiền, chư vị Tiên Bà, các Đấng thần  linh, Thổ công địa mạch, Thổ địa chính thần, Tiên tổ nội ngoại, ch..."
2,Văn cúng xin giải trừ bệnh tật,"Lễ mừng thọ, cưới hỏi, sinh dưỡng","Nam mô a di Đà Phật\! 
Nam mô a di Đà Phật\! 
Nam mô a di Đà Phật\! 
\- Con kính lạy chín phương Trời, mười phương Chư Phật, Chư Phật mười phương. 
\- Con xin kính lạy đức Đông phương giáo chủ tiêu tai duyên thọ Dược Sư Lưu Ly  Quang Vương Phật. 
\- Con xin kính lạy đức Thiên thủ Thiên nhãn, Tầm Thanh cứu khổ cứu nạn Linh cảm  Quán Thế Âm Bồ Tát. 
Tín chủ con là........ 
Ngụ tại.........  
Hôm nay là ngày ... tháng... năm... 
Tín chủ con thành tâm sắm sửa lễ vật, hương hoa, trà quả, kính dâng lên đức Đông  phương giáo chủ tiêu tai duyên thọ Dược Sư Lưu Ly Quang Vương Phật, đức Thiên thủ  Thiên nhãn, Tầm Thanh cứu khổ cứu nạn linh cảm Quán Thế Âm Bồ Tát. 
Xin các ngài linh thiêng giáng thế, thụ hưởng lễ vật. Con xin tấu trình: Nhân duyên chưa hết 
Sớm được nhẹ nhàng 
Bệnh tật tiêu trừ 
Thân..."
3,Văn cúng cầu tự,"Lễ mừng thọ, cưới hỏi, sinh dưỡng","Nam mô a di Đà Phật\! 
Nam mô a di Đà Phật\! 
Nam mô a di Đà Phật\! 
\- Con kính lạy chín phương Trời, mười phương Chư Phật, Chư Phật mười phương. \- Con lạy Thiên Quan \- Linh thần nơi bản địa ở khu vực này. 
Đệ tử con là ..................sinh ngày............  
Cùng chồng/vợ……….. sinh ngày……… 
Ngụ tại:....................................................... 
Hôm nay nhân ngày lành tháng tốt, khí tiết năm ...........bâu trời cao vút tỏa sáng phúc  lành. Vợ chồng con thành tâm thiết lễ cùng dâng sớ trạng kính lạy Trung thiên mệnh chủ,  Bắc cự tử vi, Ngọc đế Thiên quân bệ hạ, giáng trần soi xét cho hạnh phúc gia đình con  được có con trai/con gái. Hạnh phúc sum vầy truyền vào hậu thế. 
Con lạy Nhật Cung Thái Dương, Nguyệt Cung Thái Âm \- Đông Phương Thanh Đế,  Bắc Phương Hắc Đế, Tây Phương ..."
4,Văn cúng ngày lễ cưới hỏi,"Lễ mừng thọ, cưới hỏi, sinh dưỡng","Hôn nhân bao giờ cũng được xem là việc quan trọng của cả một đời người. Khi hai  gia đình nhà trai, nhà gái quyết định tác hợp cho hai trẻ nên vợ nên chông và tiến hành các  thủ tục: Lễ chạm ngõ (nhà trai sang nói chuyện với nhà gái đồng ý cho đôi trẻ đi lại), lễ ăn  hỏi, lễ cưới được xem ngày tốt xấu theo tuổi và khi tiến hành các lễ trên thì gia đình bên  nhà trai và nhà gái đều phải làm lễ yết cáo Gia thần, Gia tiên."
5,"Bài văn khấn yết cáo Gia thần, Gia tiên","Lễ mừng thọ, cưới hỏi, sinh dưỡng","Nam mô a di Đà Phật\! 
Nam mô a di Đà Phật\! 
Nam mô a di Đà Phật\! 
\- Con kính lạy Hoàng thiên Hậu Thổ chư vị Tôn thần. A 
\- Con kính lạy ngài Bản cảnh Thành hoàng, ngài Bản xứ Thổ địa, ngài Bản gia Táo  quân cùng chư vị Tôn thần. 
\- Con kính lạy tiên họ .......... chư vị Hương linh. 
Tín chủ (chúng) con là: ................................. 
Ngụ tại:……………………………. 
Hôm nay là ngày ..... tháng ..... năm .......... 
Tín chủ con có con trai (con gái) kết duyên cùng ................. 
Con của ông bà ....................... 
Ngụ tại: ………………………. 
Nay thủ tục hôn lễ đã thành. Xin kính dâng lễ vật, gọi là theo phong tục nghi lễ thành  hôn và hợp cần, trước linh tọa Ngũ tự Gia thần chư vị Tôn linh, trước linh bài liệt vị gia  tiên chư chân linh xin kính cẩn khấn cầu: 
Phúc tổ đi lại, 
\- Sinh tr..."
6,Bài văn khấn cúng lễ Thượng thọ,"Lễ tang, giỖ tổ tiên","Nam mô a di Đà Phật\! 
Nam mô a di Đà Phật\! 
Nam mô a di Đà Phật\! 
Con lạy chín phương Trời, mười phương Chư Phật, Chư Phật mười phương Hôm nay ngày ... tháng .... năm .... 
Tại (địa chỉ): ...... 
Hậu duệ tôn là: ............ quỳ trước linh vị ... (đọc linh vị của Thủy Tổ, Tiên Tổ được  liệt thờ trong nhà thờ họ) 
Kính cẩn lạy tâu rằng: 
Cúi nghĩ: tuổi tác tự Trời Phật ban cho 
Hình hài nhờ Tổ Tiên mới có 
Nay: Toàn dân hớn hở đón xuân sang 
Tín chủ mừng vui làm lễ thọ 
Yết cáo chư vị Thần Linh 
Kính lạy miếu đường Tiên Tổ 
Xin rộng lòng nhân 
Nguyện vun trồng đức độ 
Mong Sao Ngày tháng mãi bền lâu
11   
Ước gốc cành thê củng cố 
Tưởng niệm công đức ngày xưa 
Gọi chút hương khói lễ nhỏ 
Ngẩng trông chứng giám tấc thành 
Cúi xin phù trì bảo hộ 
Mong Tiên linh khơi rộng mạch Trường sinh C..."
7,"Văn cúng lễ Cải táng, Bốc mộ, Cải cát","Lễ tang, giỖ tổ tiên","Lễ Cải táng là lễ Sang tiểu, sang cát, bốc mộ, sửa mộ, dời mộ. Người Việt Nam quan  niệm rằng nếu làm đúng, tốt thì gia đình họ sẽ gặp mạnh khỏe, may mắn và thành công  trong mọi việc, quan trọng hơn nữa là cha, mẹ họ sẽ được an lành, siêu thoát"
8,"Bài văn khấn cúng Lễ Cải Cát (Sang tiểu, sửa mộ, dời mộ)","Lễ tang, giỖ tổ tiên","Nam mô a di Đà Phật\! 
Nam mô a di Đà Phật\! 
Nam mô a di Đà Phật\! 
\- Con lạy chín phương Trời, mười phương Chư Phật, Chư Phật mười phương. \- Con lạy Đức Đương cảnh Thành hoàng chư vị Đại vương 
\- Con kính lạy ngài Đông trù Tư mệnh Táo phủ Thần quân 
\- Con kính lạy chư gia tiên Cao Tằng Tổ Khảo, Cao Tằng Tổ tỷ 
Hôm nay là ngày.... tháng .... năm ......., tại tỉnh...... huyện...... xã...... thôn........ Hiển khảo (hoặc tỷ)........mộ tiền 
Than rằng: Thương xót cha (hay mẹ)xưa, vắng xa trần thế. 
Thác về, sống gửi, đất ba thước phải vùi chôn. 
Phách lạc hồn bay, hình trăm năm khó gìn để; 
Lúc trước việc nhà bối rối, đặt để còn chưa hợp hướng phương. 
Tới nay, tìm đất tốt lành, sửa sang lại, cầu an hình thể. 
Rày thân: Phần mộ dời xong, lễ Ngu kính tế. 
Hồn thiêng xin hưởng, nguyện cầu v..."
9,"Bài văn cúng Long Mạch, Sơn Thần và Thổ Thần","Lễ tang, giỖ tổ tiên","Nam mô a di Đà Phật\!
13   
Nam mô a di Đà Phật\! 
Nam mô a di Đà Phật\! 
\- Con lạy chín phương Trời, mười phương Chư Phật, Chư Phật mười phương. \- Con kính lạy Đức Hoàng Thiên Hậu Thổ chư vị Tôn thần. 
\- Con kính lạy các ngài Long Mạch, Sơn Thần, Thổ địa, Thần linh cai quản trong xứ  này. 
Hôm nay là ngày... tháng.....năm..... 
Tín chủ (chúng) con là:…………….. 
Ngụ tại.....  
Nhân hôm nay ngày Cải Cát (dời mộ, sửa mộ) của............... mộ phần tại................ 
Chúng con cùng toàn thể gia quyến tuân theo nghi lễ sắm sửa hương hoa lễ vật dâng  lên án tọa Tôn thần cùng chư vị uy linh, kính cẩn tấu trình. 
Kính cáo Sơn Thần, Thổ Thần, Long Mạch và các vị Thần linh, cúi xin chứng minh,  phù hộ cho toàn gia chúng con an ninh khang thái, vạn sự tốt lành. 
Chúng con lễ bạc tâm thành, cúi xi..."
10,Văn cúng lễ Tế ngu,"Lễ tang, giỖ tổ tiên","Nam mô a di Đà Phật\! 
Nam mô a di Đà Phật\! 
Nam mô a di Đà Phật\! 
\- Con lạy chín phương Trời, mười phương Chư Phật, Chư phật mười phương. \- Con lạy Đức Đượng cảnh Thành hoàng chư vị Đại vương. 
\- Con kính lạy ngài Đông trù Tư mệnh Táo phủ Thần quân. 
\- Con kính lạy chư gia tiên Cao Tằng Tổ Khảo, Cao Tằng Tổ tỷ họ... 
Hôm nay là ngày........ tháng ....... năm ...........  
Con trai trưởng (hoặc cháu đích tôn) là.........vâng theo lệnh của mẫu thân (nếu là mẹ  hoặc phụ mẫu nếu là cha), các chú bác, cùng anh rể, chị gái, các em trai gái dâu rể, con  cháu nội ngoại kính lạy.
14   
Nay nhân ngày lễ Tế ngu theo nghi lễ cổ truyền, 
Kính dâng lễ mọn biểu lộ lòng thành. 
Trước linh vị của: Hiển...........................chân linh 
Xin kính cẩn trình thưa rằng. 
Than ôi\! Trên tòa Nam cực, lá..."
11,"Văn cúng lễ Chung thất, Lễ Tốt khốc","Lễ tang, giỖ tổ tiên","Nam mô a di Đà Phật\! 
Nam mô a di Đà Phật\! 
Nam mô a di Đà Phật\!
15   
\- Con lạy chín phương Trời, mười phương Chư Phật, Chư phật mười phương. Hôm nay là ngày... tháng.... năm.....âm lịch tức ngày..... tháng.... năm.... dương lịch. Tại (địa chỉ):........................................... 
Con trai trưởng (hoặc cháu đích tôn) là……….. vâng theo lệnh của mẫu thân (nếu là  mẹ hoặc phụ mẫu nếu là cha), các chú bác, cùng anh rể, chị gái, các em trai gái dâu rể, con  cháu nội ngoại kính lạy. 
Nay nhân ngày lễ Chung Thất (lễ Tốt Khốc) theo nghi lễ cổ truyền, có kính cẩn sắm  các thứ lễ vật gồm:................................... 
Kính dâng lễ mọn biểu lộ lòng thành. 
Trước linh vị của Hiển:………………chân linh xin ký 
Mấy lâu nay nhân cẩn trình thưa rằng: 
Núi Hỗ sao mờ, nhà Thung bóng xế. (Nếu là..."
12,Văn cúng lễ cúng cơm hàng ngày,"Lễ tang, giỖ tổ tiên","Đây là văn khấn lễ cúng cơm hàng ngày trước linh vị người chết. 
Nam mô a di Đà Phật\! 
Nam mô a di Đà Phật\! 
Nam mô a di Đà Phật\! 
\- Con lạy chín phương Trời, mười phương Chư Phật, Chư phật mười phương. \- Con lạy Đức Đượng cảnh Thành hoàng chư vị Đại vương. 
\- Con kính lạy ngài Đông trù Tư mệnh Táo phủ Thần quân. 
\- Con kính lạy chư gia tiên Cao Tằng Tổ Khảo, Cao Tằng Tổ tỷ họ............ Hôm nay là ngày........ tháng ....... năm ..... 
Con trai trưởng (hoặc cháu đích tôn) là......... vâng theo lệnh của mẫu thân (nếu là mẹ hoặc phụ thân) và các chú bác, cùng với anh rể, chị gái và các em trai gái dâu rể, con cháu  nội ngoại kính lạy. 
Nay nhân lễ Chúc Thực theo nghi lễ cổ truyền, 
Kính dâng lễ mọn biểu lộ lòng thành, 
Trước linh vị của: Hiển ...…….. chân linh 
Xin kính cẩn trình thư..."
13,Văn cúng lễ cúng cơm 100 ngày,"Lễ tang, giỖ tổ tiên","Nam mô a di Đà Phật\! 
Nam mô a di Đà Phật\! 
Nam mô a di Đà Phật\! 
\- Con lạy chín phương Trời, mười phương Chư Phật, Chư phật mười phương.
18   
\- Con lạy Đức Đượng cảnh Thành hoàng chư vị Đại vương. 
\- Con kính lạy ngài Đông trù Tư mệnh Táo phủ Thần quân 
\- Con kính lạy chư gia tiên Cao Tằng Tổ Khảo, Cao Tằng Tổ tỷ. 
Hôm nay, là ngày ... tháng ....... năm .......... 
Con trai trưởng (hoặc cháu đích tôn) là.........  
Vâng theo lệnh của mẫu thân (nếu là mẹ hoặc phụ mẫu nếu là cha), các chú bác, cùng  anh rể, chị gái, các em trai gái dâu rể, con cháu nội ngoại kính lạy. 
Nay nhân ngày lễ cúng cơm trong trăm ngày theo nghi lễ cổ truyền. 
Kính dâng lên mọn biểu lộ lòng thành. 
Trước linh vị của: Hiển....................................chân linh. 
Xin kính cẩn trình thưa rằng: 
Than ôi\!..."
14,"Văn khấn Thổ Thần, Táo Quân, Long Mạch và các vị Thần linh trước khi  giỗ đầu","Lễ tang, giỖ tổ tiên","Nam mô a di Đà Phật\! 
Nam mô a di Đà Phật\! 
Nam mô a di Đà Phật\! 
Con lạy chín phương Trời, mười phương Chư Phật, Chư Phật mười phương.
19   
Con kính lạy Đức Hoàng Thiên Hậu Thổ chư vị Tôn thần. 
Con kính lạy ngài Bản gia Táo Quân, ngài Bản gia Thổ Công, Long Mạch, Thần Tài. Con kính lạy các ngài Thần linh cai quản trong xứ này. 
Hôm nay là ngày ..... tháng ..... năm .......... 
Tín chủ (chúng) con là:.................................................................... 
Ngụ tại:.............................................................................................. 
Nhân ngày mai là ngày giỗ đầu của……………………………………. 
Chúng con cùng toàn thể gia quyến tuân theo nghi lễ, sắm sửa hương hoa lễ vật kính  dâng lên trước án tọa Tôn Thần cùng chư vị uy linh, kính cận tâu trình. 
Kính cáo B..."
15,Bài văn khấn chính ngày giỗ đầu,"Lễ tang, giỖ tổ tiên","Con lạy chín phương Trời, mười phương Chư Phật, Chư Phật mười phương. Con kính lạy Đức Đương cảnh Thành hoàng chư vị Đại Vương. 
Con kính lạy ngài Đông Trù Tư mệnh Táo phủ Thần Quân. 
Con kính lạy các ngài Thần linh, Thổ địa cai quản trong xứ này. 
Con kính lạy chư gia tiên Cao Tằng Tổ tiên nội ngoại họ.................... 
Tín chủ (chúng) con là:......................................................................... 
Ngụ tại:..................................................................................................... Hôm nay là ngày ............... tháng ...............năm…………....................... Chính ngày giỗ đầu của………………………………………………….. 
Năm qua tháng lại, vừa ngày húy lâm. Ơn võng cực xem bằng trời biển, nghĩa sinh  thành không lúc nào quên. Càng nhớ công ơn gây cơ tạo ng..."
16,"Bài văn khấn Thổ Thần, Táo Quân, Long Mạch và các vị Thần linh trước  khi giỗ hết","Lễ tang, giỖ tổ tiên","Nam mô a di Đà Phật\! 
Nam mô a di Đà Phật\! 
Nam mô a di Đà Phật\! 
Con lạy chín phương Trời, mười phương Chư Phật, Chư Phật mười phương. Con kính lạy Đức Đương cảnh Thành hoàng chư vị Đại Vương 
Con kính lạy ngài Đông Trù Tư mệnh Táo phủ Thần Quân. 
Con kính lạy các ngài Thần linh, Thổ địa cai quản trong xử này: 
Con kính lạy chư gia tiên Cao Tằng Tổ tiên nội ngoại họ................................ Tín chủ (chúng) con là:.................................................................................... Ngụ tại:………………………………………………………………………… Nhân ngày mai là ngày giỗ hết của………………………………………… 
Tín chủ con cùng toàn thể gia khuyến tuân theo nghi lễ, sửa biện hương hoa lễ vật  dâng cúng các vị Tôn thần.
21   
Cúi xin các vị Bản gia, Thổ Công, Táo phủ Thần quân, Ngữ phương, Long mạch và  các ..."
17,Bài văn khấn chính ngày giỗ hết,"Lễ tang, giỖ tổ tiên","Nam mô a di Đà Phật\! 
Nam mô a di Đà Phật\! 
Nam mô a di Đà Phật\! 
Con lạy chín phương Trời, mười phương Chư Phật, Chư Phật mười phương. Con kính lạy Đức Đương cảnh Thành hoàng chư vị Đại Vương. 
Con kính lạy ngài Đông Trù Tư mệnh Táo phủ Thần Quân. 
Con kính lạy các ngài Thần linh, Thổ địa cai quản trong xứ này. 
Con kính lạy chư gia tiên Cao Tằng Tổ Khảo, Cao Tằng Tổ Tỷ, Tổ Tiên nội ngoại họ  …………. 
Tín chủ (chúng) con là:........................................ 
Ngụ tại:…………………………………………. 
Hôm nay là ngày ……..tháng ............năm………………. 
Chính ngày giỗ hết của.............................................. 
Thiết nghĩ................. vắng xa trần thế, không thấy âm dung. Năm qua tháng lại vừa  ngày giỗ hết. Ơn võng cực xem bằng trời biển, nghĩa sinh thành không lúc nào quên. Càng  nhớ..."
18,Văn cúng ngày giỗ thường hằng năm,"Lễ tang, giỖ tổ tiên","Trước khi khấn vong linh người đã khuất, gia đình phải đọc văn khấn thần linh là các  vị Thổ thần, Táo quân, Long mạch... trước:"
19,Bài văn khấn Thần linh,"Lễ tang, giỖ tổ tiên","Nam mô a di Đà Phật\! 
Nam mô a di Đà Phật\! 
Nam mô a di Đà Phật\! 
Con lạy chín phương Trời, mười phương Chư Phật, Chư Phật mười phương. Con kính lạy Đức Đương cảnh Thành hoàng chư vị Đại Vương. 
Con kính lạy ngài Đông Trù Tư mệnh Táo phủ Thần Quân. 
Con kính lạy các ngài Thần linh, Thổ địa cai quản trong xứ này. 
Con kính lạy chư gia tiên Cao Tằng Tổ tiên nội ngoại họ ..... 
Tín chủ (chúng) con là: ........................................................ 
Ngụ tại: ................................................................................ 
Nhân ngày mai là ngày Cát Kỵ của ………………. 
Tín chủ con cùng toàn thể gia khuyến tuân theo nghi lễ, sửa biện hương hoa lễ vật  dâng cúng các vị Tôn thần. 
Cúi xin các vị Bản gia, Thổ Công, Tảo phủ Thần quân, Ngữ phương, Long mạch và  các vị Thần li..."
20,Bài văn khấn vong linh người quá cố,"Lễ tang, giỖ tổ tiên","Nam mô a di Đà Phật\! 
Nam mô a di Đà Phật\! 
Nam mô a di Đà Phật\! 
Con lạy chín phương Trời, mười phương Chư Phật, Chư Phật mười phương. Con  kính lạy Đức Đương cảnh Thành hoàng chư vị Đại Vương. 
Con kính lạy ngài Đông Trù Tư mệnh Táo phủ Thần Quân. 
Con kính lạy các ngài Thần linh, Thổ địa cai quản trong xứ này. 
Con kính lạy chư gia tiên Cao Tằng Tổ Khảo, Cao Tằng Tổ Tỷ, Tổ Tiên nội ngoại họ  ............................... 
Tin Chu (chúng) con là:……………. 
Ngụ tại: .................................... 
Hôm nay là ngày ... tháng ... năm .... 
Chính ngày giỗ của ................ 
Thiết nghĩ .........vắng xa trần thế, không thấy âm dung. Năm qua tháng lại vừa ngày  Cát Kỵ. Ôn võng cực xem bằng trời biển, nghĩa sinh thành không lúc nào quên. Càng nhớ  công ơn gây cơ tạo nghiệp bao nhiêu, c..."
21,Bài văn khấn thần linh,"Lễ tang, giỖ tổ tiên","Nam mô a di Đà Phật\! 
Nam mô a di Đà Phật\! 
Nam mô a di Đà Phật\! 
Con lạy chín phương Trời, mười phương Chư Phật, Chư Phật mười phương. Con kính lạy Đức Đương cảnh Thành hoàng chư vị Đại Vương. 
Con kính lạy ngài Đông Trù Tư mệnh Táo phủ Thần Quân. 
Con kính lạy các ngài Thần linh, Thổ địa cai quản trong xứ này. 
Con kính lạy chư gia tiên Cao Tằng Tổ tiên nội ngoại họ ..... 
Tín chủ (chúng) con là: ........................ 
Ngụ tại: ................. 
Nhân ngày mai là ngày giỗ của ..... 
Tín chủ con cùng toàn thể gia khuyến tuân theo nghi lễ, sửa biện hương hoa lễ vật  dâng cúng các vị Tôn thần. 
Cúi xin các vị Bản gia, Thổ Công, Táo phủ Thần quân, Ngữ phương, Long mạch và  các vị Thần linh, hiển linh chứng giám, thụ hưởng lễ vật, phù hộ cho toàn gia chúng con an  ninh khang thái, vạn s..."
22,Bài văn khấn vong linh người quá cố,Tết Nguyên Đán,"Nam mô a di Đà Phật\! 
Nam mô a di Đà Phật\! 
Nam mô a di Đà Phật\! 
Con lạy chín phương Trời, mười phương Chư Phật, Chư Phật mười phương. Con kính lạy Đức Đương cảnh Thành hoàng chư vị Đại Vương 
Con kính lạy ngài Đông Trù Tư mệnh Táo phủ Thần Quân. 
Con kính lạy các ngài Thần linh, Thổ địa cai quản trong xứ này 
Con kính lạy chư gia tiên Cao Tằng Tổ Khảo, Cao Tằng Tô Tỷ, Tổ Tiên nội ngoại họ  ..... 
Tín chủ (chúng) con là: ..................... 
Ngụ tại: ...................... 
Hôm nay là ngày ..... tháng .....năm ..... 
Chính ngày cáo giỗ của ....... 
Thiết nghĩ ………......vắng xa trần thế, không thấy âm dung. Năm qua tháng lại vừa  ngày cáo giỗ. Ơn võng cực xem bằng trời biển, nghĩa sinh thành không lúc nào quên. Càng  nhớ công ơn gây cơ tạo nghiệp bao nhiêu, càng cảm thâm tình, không bề..."
23,Bài văn khấn đưa ông Táo chầu trời ngày 23 tháng chạp,Tết Nguyên Đán,"Sau khi bày lễ, thắp hương thì khấn, bài văn khấn lễ ông Táo chầu trời như sau: Nam mô a di Đà Phật\! 
Nam mô a di Đà Phật\! 
Nam mô a di Đà Phật\! 
\- Con lạy chín phương Trời, mười phương Chư Phật, Chư Phật mười phương \- Con kính lạy Ngài đông trù Tư mệnh Táo phủ Thần quân. 
Hôm nay ngày ... tháng....năm.... số nhà....đệ tử họ tên............ 
Lòng thành khấn nguyện sắm lễ đầy đủ lễ vật cúng tiễn táo quân, cầu xin tam vị táo  quân, táo phủ thần quan, nội gia viên trạch, ngoại gia viên trạch, kim vì tín chủ, đệ tử họ  tên………...(vợ chồng) 
Vái cùng chủ vị long thần, ngũ phương cai quản ngôi gia số nhà ...... độ cho đệ tử  năm cũ ..... đã hết, năm mới ... sắp bước qua, cung tiễn ngài về tâu qua ngọc đế, năm cũ đã  qua năm mới bước vào, cho con vô sự, mọi điều may mắn, thuận lợi bình an, là..."
24,Bài văn khấn rước ông Táo chầu trời đêm giao thừa,Tết Nguyên Đán,"Rước ông Táo từ 23h đến 23h45 đêm giao thừa, lễ vật giống như đưa ông táo. Văn  khấn như sau: 
Nam mô a di Đà Phật\! 
Nam mô a di Đà Phật\! 
Nam mô a di Đà Phật\! 
\- Con lạy chín phương Trời, mười phương Chư Phật, Chư Phật mười phương \- Con kính lạy Ngài đông trù Tư mệnh Táo phủ Thần quân.
28   
Hôm nay ngày ... tháng...năm....số nhà .... đệ tử họ tên ...... 
Kính cáo hoàng thiên, kính xin hậu thổ, chúa đất trong nhà, kính xin tất cả. Đầu năm,  năm.......vào nhà, giao thừa đúng lễ, tục gia dưới trần. Một năm kính tiễn thần về, hôm nay  đáo lai thỉnh Ngài Táo Quân minh niên năm mới năm......con rước thỉnh ngài về nơi gia  đạo, ngự trị ngôi gia số nhà ..... đường phố...... 
Cầu xin tam vị Táo quân, Táo phủ thần quan, Đô ng trù Tây mạng, nội gia viên trạch,  ngoại gia viên trạch, ngũ phương..."
25,Văn cúng lễ giao thừa: trong nhà & ngoài trời,Tết Nguyên Đán,"Lễ tất niên, Giao thừa được tiến hành vào ngày 30 Tết. Theo quan niệm dân gian, lễ  cúng Giao thừa được cử hành ở cả trong nhà và ngoài trời. Đêm 30 tháng Chạp, rạng sáng  mồng 1 Tết, ở thành phố, nhiều nhà bày lễ cúng lúc Giao thừa trong sân hay trước cửa nhà."
26,Bài văn khấn lễ giao thừa trong nhà,Tết Nguyên Đán,"Nam mô a di Đà Phật\! 
Nam mô a di Đà Phật\! 
Nam mô a di Đà Phật\! 
Con kính lạy chín phương trời, mười phương chư Phật, chư Phật mười phương Con kính lạy Đức Đương Lai Hạ Sinh Di Lặc Tôn Phật 
Con kính lạy Đức Bồ-tát Quán Thế Âm cứu nạn cứu khổ chúng sinh 
Con kính lạy Hoàng Thiên, Hậu Thổ, chư vị tôn thần
29   
Con kính lạy các ngài Ngũ Phương, Ngũ Hổ, Long Mạch, Táo Quân, chư vị tôn thần.  Con kính lạy các cụ tổ tiên nội \- ngoại chư vị tiên linh. 
Nay là phút giao thừa năm ………. với năm ……..,chúng con là: ..., sinh năm: ...,  hành canh: ... tuổi, cư ngụ tại số nhà:..., ấp/khu phố:..., xã/phường ..., quận/huyện/ thành  phố ..., tỉnh/thành phố ... 
Phút Giao thừa vừa tới, nay theo vấn luật, tống cựu nghênh tân, giờ Tý đầu xuân, đón  mừng Nguyên đán, chúng con thành tâm, tu biện hương hoa..."
27,Bài văn khấn lễ giao thừa tại bàn thờ Phật,Tết Nguyên Đán,"Con kính lạy Đức Phật... (mà gia chủ đang thờ). 
Hôm nay là ngày 30 tháng Chạp, ngày tất niên của năm ........., Tín chủ chúng con  là... (họ tên chồng), cùng phu thê... (họ tên vợ) và các con cháu trong nhà có chút lễ mọn,  xin thành tâm kính dâng Đức Phật. 
Thay mặt gia đình, con xin có lời chúc mừng năm mới đến Đức Phật nhân dịp đón  Xuân về. 
Con xin đội ơn Đức Phật trong năm qua đã phù hộ độ trì, dìu dắt chúng con gặp được  nhiều may mắn. Cúi xin Đức Phật giáng lâm trước án thụ hưởng lễ vật, tiếp tục phù hộ cho  gia đình chúng con. 
Xin kính lạy (3 lần 3 vái)."
28,Bài văn khấn lễ giao thừa ngoài trời,Tết Nguyên Đán,"30   
Nam mô a di Đà Phật\! 
Nam mô a di Đà Phật\! 
Nam mô a di Đà Phật\! 
\- Con kính lạy chín phương trời, mười phương chư Phật, chư Phật mười phương \- Con kính lạy Đức Đương Lai Hạ Sinh Di Lặc Tôn Phật 
\- Con kính lạy Đức Bồ tát Quán Thế Âm cứu nạn cứu kho chúng sinh \- Con kính lạy Hoàng thiên, Hậu thổ, chư vị tôn thần 
\- Con kính lạy ngài cựu niên đường cai Hành khiển: Lỗ Vương Hành Khiển, Ngũ  Nhạc chi Thần 
\- Con kính lạy ngài đường niên Thiên quan: Cự Tào Phán quan. 
\- Con kính lạy các ngài Ngũ phương, Ngũ hổ, Long mạch, Táo quân, chư vị tôn thần. 
Nay là phút giao thừa năm .......... với năm ......., chúng con là: sinh năm: ......, hành  canh: ........ tuổi, cư ngụ tại số nhà: ấp/khu phố: ......., xã/phường: ........, quận/huyện: ..........  tỉnh/thành phố: …………. 
Phút thiêng..."
29,Văn cúng tất niên,Tết Nguyên Đán,"Lễ tất niên không nhất thiết phải là ngày cuối cùng âm lịch của năm, nhiều gia đình  do không có thời gian nên kết hợp cúng lễ tất niên cùng với bài cúng ông Táo hay tổ chức  vào các ngày trước đó, 29, 28,27 âm lịch… 
Trước khi tiến hành lễ tất niên các gia đình lau chùi, trang hoàng bàn thờ Phật, bàn  thờ Tổ tiên với mâm ngũ quả, hương, hoa tươi, đèn nến đầy đủ."
30,Bài văn khấn cúng lễ tất niên,Tết Nguyên Đán,"Nam mô a di Đà Phật\! 
Nam mô a di Đà Phật\! 
Nam mô a di Đà Phật\! 
\- Con kính lạy chín phương trời, mười phương chư Phật, chư Phật mười phương. \- Con kính lạy Hoàng thiên, Hậu Thổ, chư vị Tôn thần. 
\- Con kính lạy ngài Kim niên Đương cai Thái Tuế chí đức tôn thân. 
\- Con kính lạy các ngài Bản cảnh Thành hoàng chư vị Đại Vương. 
\- Con kính lạy ngài Bản xứ Thần linh Thổ địa tôn thần. 
\- Con kính lạy các ngài Ngũ phương, Ngũ Thổ, Long mạch, Tài thần, Bản gia Táo  quân, cùng tất cả các vị thần linh cai quản trong xứ này. 
\- Con kính lạy chư gia Cao Tằng Tổ Khảo, Cao Tằng Tổ Tỷ, Tiên linh nội ngoại họ  ................. 
Hôm nay là ngày 30 tháng Chạp năm ........... 
Tín chủ (chúng) con là:………………....... 
Ngụ tại:... ................................................. 
Trước án kính cẩn t..."
31,Văn cúng tạ mộ rước ông bà về ăn Tết,Tết Nguyên Đán,"Nam mô a di Đà Phật\! 
Nam mô a di Đà Phật\! 
Nam mô a di Đà Phật\! 
\- Con lạy chín phương Trời, mười phương Chư Phật, Chư Phật mười phương. \- Con kính lạy ngài Địa tạng vương bồ tát. 
\- Con kính lạy ngài Kim Niên Đương cai Thái Tuế Chí đức Tôn thần, Kim niên hành  binh, Công tào Phán quan. 
\- Con kính lạy ngày Bản cảnh Thành Hoàng Chư vị Đại Vương quản cai nơi nghĩa  trang. 
\- Con kính lạy Ngài Bản xứ Thần linh Thổ địa Tôn thần. 
\- Con kính lạy các ngài Ngũ phương, Ngũ thổ Long Mạch Tôn thần, các ngài Tiền  Chu Tước, Hậu Huyền Vũ, Tả Thanh Long, Hữu Bạch Hổ cùng liệt vị Tôn Thần cai quản  trong nơi nghĩa trang này. 
\- Con kính lạy hương linh cụ:.................................................. 
Hôm nay là ngày... ....... tháng Chạp, năm cũ sắp qua, năm mới sắp đến. Tín chủ (chúng)..."
32,Văn cúng lễ rước ông bà ngày 30 Tết.,Tết Nguyên Đán,"Bữa cơm ngày 30 Tết ngoài ý nghĩa tổng kết một năm cũ qua đi còn là lúc các gia  đình người Việt bày tỏ lòng hiếu kính của mình, mời Tổ tiên về ăn Tết. Từ sau lễ rước tổ  tiên này, để các cụ luôn ở trong nhà cùng con cháu, các gia chủ nên chú ý không để hương  tắt. Các gia đình có thể dùng hương vòng hoặc hương sào."
33,Bài văn khấn rước ông bà ngày 30 Tết.,Tết Nguyên Đán,"Nam mô a di Đà Phật\! 
Nam mô a di Đà Phật\! 
Nam mô a di Đà Phật\! 
\- Con lạy chín phương Trời, mười phương Chư Phật, Chư Phật mười phương. 
\- Con kính lạy ngài Kim Niên Đương cai Thái Tuế Chí đức Tôn thần, Kim niên hành  binh, Công tào Phán quan. 
\- Con kính lạy ngày Bản cảnh Thành Hoàng Chư vị Đại Vương. 
\- Con kính lạy Ngài Bản xứ Thần linh Thổ địa Tôn thần. 
\- Con kính lạy các ngài Ngũ phương, Ngũ thổ Long Mạch Tôn thần, các ngài Tiền  Chu Tước, Hậu Huyền Vũ, Tả Thanh Long, Hữu Bạch Hổ cùng liệt vị Tôn Thần cai quản  trong xứ này. 
\- Con kính lạy hương linh:…………………….. 
Hôm nay là ngày... ....... tháng Chạp, năm cũ sắp qua, năm mới sắp đến. Tín chủ (chúng) con là:........................................... 
Ngụ tại:…………………………………………….. 
Chúng con sắm sanh phẩm vật, hương hoa trà q..."
34,Văn cúng ngày mồng 1 Tết,Tết Nguyên Đán,"Theo phong tục truyền thống của người Việt, các gia đình thường làm mâm cúng  thần linh và cúng tổ tiên vào ngày mồng 1 Tết. Bài văn khấn mồng 1 tết chính là cách con  cháu bày tỏ tấm lòng thành kính với tổ tiên, các bậc thần linh."
35,Bài văn khấn thần linh trong ngày mồng 1 Tết,Tết Nguyên Đán,"Nam mô a di Đà Phật\! 
Nam mô a di Đà Phật\! 
Nam mô a di Đà Phật\! 
\- Con lạy chín phương Trời, mười phương Chư Phật, Chư Phật mười phương. \- Con kính lạy Đức Đương Lai hạ sinh Di Lặc Tôn Phật. 
\- Con kính lạy Phật trời, Hoàng Thiên Hậu Thổ. 
\- Con kính lạy chư vị Tôn Thần. 
Hôm nay là ngày mồng 1 tháng Giêng, là ngày Tết Nguyên đán đầu xuân, giải trừ gió  đông lạnh lẽo, hung nghiệt tiêu tan, đón mừng Nguyên đán xuân thiên, mưa móc thấm  nhuần, muôn vật tưng bừng đổi mới. 
Nơi nơi lễ tiết, chốn chốn tường trình. 
Tín chủ con là ... …………………………… 
Ngụ tại ............................................... 
Nhân tiết minh niên sắm sửa hương hoa, cơm canh lễ vật bày ra trước án, dâng cúng  Thiên Địa Tôn Thần. 
Thiết nghĩ tôn thần hào khí sáng lòa, ân đức rộng lớn. Ngôi cao vạn trượng uy nghi,..."
36,Bài văn khấn tổ tiên ngày mồng 1 Tết,Tết Nguyên Đán,"Kính lạy: Các cụ Tổ khảo, Tổ tỷ, bá thúc huynh đệ, đường thượng tiên linh, và các  hương hồn nội tộc, ngoại tộc. 
Hôm nay là ngày mồng một Tết, tháng Giêng, năm…………….. 
Chúng con là: ….............Tuổi................ 
Hiện cư ngụ tại số nhà ........ Đường.................Khu phố ........ 
Phường ...........................Quận....................Thành phố................ 
Nay theo tuế luật, âm dương vận hành tới tuần Nguyên đán, mồng một đầu xuân,  mưa móc thấm nhuần, đón mừng năm mới. Con cháu tưởng niệm ân đức Tổ tiên như trời  cao biển rộng, khôn đem tấc cỏbáo đáp ba xuân. Do đó, chúng con cùng toàn thể con cháu  trong nhà sửa sang lễ vật, oản quả hương hoa kính dâng trước án. 
Con lại kính mời, các cụ tiên linh, Cao tằng Tổ khảo, Cao tằng Tổ tỷ, Bá thúc đệ  huynh, Cô di tỷ muội, nội t..."
37,Văn cúng hóa vàng ngày mồng 3 hết Tết,Tết Nguyên Đán,"Trong thông lệ, tập tục của các gia đình Việt Nam thì thường vào ngày mồng 3 Tết sẽ  là ngày làm lễ hóa vàng, tất nhiên cũng có thể làm lễ hóa vàng vào các ngày khác miễn là  sau ngày mồng 2 Tết"
38,Bài văn khấn hóa vàng hết Tết ngày mồng 3,Tết Nguyên Đán,"Nam mô a di Đà Phật\! 
Nam mô a di Đà Phật\! 
Nam mô a di Đà Phật\! 
\- Con lạy chín phương Trời, mười phương Chư Phật, Chư Phật mười phương. \- Con kính lạy Hoàng thiên, Hậu Thổ, Long mạch, Táo quân, chư vị Tôn thần. 
\- Con kính lạy Ngài Đương niên hành khiển, ngài Bản cảnh thành Hoàng, các ngài  Thổ địa, Táo quân, Long mạch Tôn thần. 
\- Con kính lạy các cụ Tổ Khảo, Tổ Tỷ, nội ngoại tiên linh.
36   
Hôm nay là ngày mồng 3 tháng Giêng năm…… *(hoặc ngày khác nếu hóa vàng này  khác)* 
Chúng con là: ……………………………., tuổi…………………… 
Hiện cư ngụ tại: ………………………………….. 
Thành tâm sửa biện hương hoa phẩm vật, phù tửu lễ nghi, cung bày trước án. Kính  cẩn thưa trình: tiệc xuân đã mãn, Nguyên đán đã qua, nay xin thiêu hóa kim ngân, lễ tạ  Tôn thần. 
Kính xin lưu phúc, lưu ân, phù hộ độ trì dương cơ âm t..."
39,Bài văn khấn cúng sao giải hạn,Các ngày lễ tết khác,"Dùng khấn cúng giải sao hạn, lá sớ có nội dung tùy theo tên Sao hạn hằng năm mà  ghi theo mẫu sau đây, đốt ba cây nhang quỳ lạy rồi đọc. 
\- Con lạy chín phương Trời, mười phương Chư Phật, Chư Phật mười phương.
39   
\- Nam mô Hiệu Thiên chí tôn Kim Quyết Ngọc Hoàng Thượng đế. 
\- Con kính lạy Đức Trung Thiên tinh chúa Bắc cực Tử Vi Tràng Sinh Đại \- Con kính lạy ngài Tả Nam Tào Lục Ty Duyên Thọ Tinh quân. 
\- Con kính lạy Đức Hữu Bắc Đẩu cửu hàm Giải ách Tinh quân. 
\- Con kính lạy Đức Nhật cung Thái Dương Thiên tử Tinh quân. 
\- Con kính lạy Đức Thượng Thanh Bản mệnh Nguyên Thần Chân quân. Tín chủ (chúng) con là:............ ..tuổi.......... 
Hôm nay là ngày.........tháng.......năm........., tín chủ con thành tâm sắm lệ, hương hoa  trà quả, đốt nén tâm hương, thiết lập linh án tại (địa c..."
40,Văn cúng lễ Nguyên tiêu (Rằm tháng giêng),Các ngày lễ tết khác,"Rằm tháng Giêng (15/1 Âm lịch, còn gọi là lễ Thượng Nguyên, Tết Nguyên tiêu) là  ngày trăng tròn đầu tiên trong năm, được người dân Việt Nam nói riêng và người dân các  nước Châu Á nói chung rất được coi trọng. Trong ngày này các gia đình thường sắm hai  lễ: lễ cúng Phật, cúng thần linh và lễ cúng gia tiên."
41,Bài văn khấn cúng gia tiên ngày Rằm tháng giêng tại nhà,Các ngày lễ tết khác,"Nam mô a di Đà Phật\! 
Nam mô a di Đà Phật\! 
Nam mô a di Đà Phật\! 
Nam mô a di Đà Phật\! 
\- Con lạy chín phương trời, mười phương chư Phật, chư Phật mười phương. \- Con kính lạy Hoàng thiên Hậu thổ chư vị tôn thần. 
\- Con kính lạy ngài bản cảnh Thành hoàng, ngài bản xứ Thổ địa, ngài bản gia Táo  quân cùng chư vị tôn thần. 
\- Con kính lạy Cao tằng Tổ khảo, Cao tằng Tổ tỉ, thúc bá đệ huynh, cô di, tỉ muội họ  nội họ ngoại. 
Tín chủ (chúng) con là: .... …………………………… 
Ngụ tại:.... ………………………………………….. 
Hôm nay là ngày Rằm tháng Giêng năm …………… gặp tiết Nguyên tiêu, tín chủ  con lòng thành, sửa sang hương đăng, sắm sanh lễ vật, dâng lên trước án. 
Chúng con kính mời ngài bản cảnh Thành hoàng chư vị Đại vương, ngài bản xứ Thần  linh Thổ địa, ngài bản gia Táo quân, Ngũ phương, Long mạch, Tài th..."
42,"Bài văn khấn Phật, thần linh ngày Rằm tháng giêng",Các ngày lễ tết khác,"Cúng Phật là mâm lễ chay tinh khiết cùng hương hoa đèn nến. Nếu là Phật tử thì có  thể ngồi trước bàn thờ Phật tụng một thời kinh Phổ Môn, hoặc kinh Dược Sư để cầu bình  an cho gia đạo. 
Nếu không tụng kinh được thì có thể dâng hương và tụng đọc bài lễ bái Tam Bảo  dưới đây: 
*Dốc lòng kính lễ Phật Pháp Tăng thường ở khắp mười phương.* (3 lần, mỗi lần lạy 1  lạy) 
(Cầm 3 nén hương quỳ đọc tiếp) 
Nguyện mây hương lành này, 
Biến khắp mười phương giới, 
Trong có vô biên Phật, 
Vô lượng hương trang nghiêm, 
Viên mãn đạo Bồ Tát, 
Thành tựu hương Như Lai. (1 lạy, và cắm hương vào bát hương) 
*Dâng hương cúng dàng rồi, dốc lòng kính lễ Phật Pháp Tăng thường ở khắp mười  phương*. (1 lạy) 
(Thành kính chắp tay thành búp sen đọc bài ca tụng công đức của Đức Phật) *Phật thân rực rỡ tựa kim san* 
*Th..."
43,Văn cúng lễ tảo mộ Tiết Thanh minh,Các ngày lễ tết khác,"Nam mô a di Đà Phật\! 
Nam mô a di Đà Phật\! 
\- Con lạy chín phương Trời, mười phương Chư Phật, Chư Phật mười phương. \- Con kính lạy Hoàng thiên Hậu Thổ, chư vị Tôn thần. 
\- Con kính lạy các ngài Thần linh bản xứ cai quản trong khu vực này. Hôm nay là ngày: ....................................................... 
Tín chủ (chúng) con là:...............................................
43   
Nhân tiết Thanh minh (hoặc là nhân tiết thu, tiết đông, hoặc nhân ngày lành tháng  tốt..) tín chủ con thành tâm sắm lễ, quả cau lá trầu, hương hoa trà quả, thắp nén tâm hương  kính dâng trước án, kính mời chư vị Tôn thần lai lâm chiếu giám. 
Gia đình chúng con có ngôi mộ của........................... tháng tại xứ này, nay muôn sửa  sang xây đắp (hoặc tảo mộ, bốc mộ...) vì vậy chúng con xin kính cáo cá..."
44,Bài văn khấn Lễ vong linh ngoài mộ,Các ngày lễ tết khác,"Nếu viết văn khấn ra giấy thì đọc, xong hóa ngay cùng tiền vàng. Trong khi đợi tuần  nhang thổ địa thì mọi người trong gia đình đi viếng thăm các ngôi mộ của gia đình mình,  thắp lên mộ máy nén. Đứng trước ngôi mộ và khấn: 
Nam mô a di Đà Phật\! 
Nam mô a di Đà Phật\! 
\- Con lạy chín phương Trời, mười phương Chư Phật, Chư Phật mười phương \- Con kính lạy Hương linh................(Hiển khảo, Hiển tỷ hoặc Tổ Khảo.............) Hôm nay là ngày.................. 
\- Nhân tiết:. .................... 
Tín chủ (chúng) con ............... ... 
Ngụ tại:.................. 
Chúng con và toàn thế gia đình con cháu, nhờ công ơn võng cực, nền đức cao dầy,  gây dựng cơ nghiệp của.............. chạnh lòng nghĩ đến âm phần ở nơi hoang vắng, tín chủ  con thành tâm sắm lễ, quả cau lá trầu, hương hoa trà qu..."
45,Văn cúng Tết Hàn thực,Các ngày lễ tết khác,"Vào ngày Tết Hàn thực, người Việt vẫn nổi lửa nấu nướng bình thường và vào bếp  làm bánh trôi bánh chay để thắp hương. Đây là một trong những món bánh truyền thống  trong ngày mồng 3/3 này. Vì vậy, ngày Tết Hàn thực hay còn được gọi là Tết bánh trôi \- bánh chay."
46,Bài văn khấn Tết Hàn thực,Các ngày lễ tết khác,"Nam mô a di Đà Phật\! 
Nam mô a di Đà Phật\! 
Nam mô a di Đà Phật\! 
Con lạy chín phương Trời, mười phương Chư Phật, Chư Phật mười phương Con kính lạy Hoàng thiên Hậu Thổ chư vị Tôn Thần 
Con kính lạy ngài Bản cảnh Thành hoàng, ngài Bản xứ Thổ địa, ngài Bản gia  Táo quân cùng chư vị Tôn thần. 
Con kính lạy Cao Tằng Tổ khảo, Cao Tằng Tổ Tỷ, Thúc Bá, Đệ Huynh, Cô Di,  Tỷ Muội họ nội họ ngoại. 
Tín chủ (chúng) con là:................. 
Hôm nay là ngày.......................... gặp tiết Hàn thực, tín chủ chúng con cảm  nghĩ thâm ân trời đất, chư vị Tôn thần, nhớ đức cù lao Tiên tổ, thành tâm sắm lễ,  quả cau lá trầu, hương hoa trà quả, đốt nén tâm hương, dâng lên trước án. Chúng  con kính mời ngài Bản cảnh Thành hoàng Chư vị Đại Vương, ngài bản xứ Thần linh  Thổ địa, ngài Bản gia Táo quân, Ngũ..."
47,Văn cúng Tết Đoan ngọ,Các ngày lễ tết khác,"Ngày Tết"" Ngày Tết Đoan ngọ còn gọi là ngày Giết Sâu Bọ là lễ tết lớn của người  Việt Nam được tiến hành vào chính giờ Ngọ giữa trưa ngày mồng 5 tháng năm Âm lịch  hằng năm."
48,Bài văn khấn Tết Đoan ngọ,Các ngày lễ tết khác,"Nam mô a di Đà Phật\! 
Nam mô a di Đà Phật\! 
Nam mô a di Đà Phật\! 
\- Con lạy chín phương Trời, mười phương Chư Phật, Chư Phật mười phương. \- Con kính lạy Hoàng thiên Hậu Thổ chư vị Tôn thần. 
\- Con kính lạy ngài Bản cảnh Thành hoàng, ngài Bản xứ Thổ địa, ngài Bản gia Táo  quân cùng chư vị Tôn thần. 
\- Con kính lạy Tổ tiên, Hiển khảo, Hiển tỷ, chư vị Hương linh (nếu bố, mẹ còn sống  thì thay bằng Tổ khảo, Tổ Tỷ) 
Tín chủ chúng con là:............  
Ngụ tại:.................................. 
Hôm nay là ngày Đoan ngọ, chúng con sửa sang hương đăng, sắm sanh lễ vật, hoa  đăng, trà quả dâng lên trước án. 
Chúng con kính mời ngài Bản cảnh Thành hoàng, Chư vị Đại Vương, ngài Bản xứ  Thần linh Thổ địa, ngài Bản gia Táo quân, Ngũ phương, Long Mạch, Tài thần, cúi xin các  Ngài giáng lâm trước..."
49,Văn cúng Rằm tháng 7,Các ngày lễ tết khác,Nhiều gia đình Việt thường cúng Rằm tháng 7 tại nhà cho vong linh và gia tiên vào  buổi chiều tối ngày 14/7 hoặc 15/7 Âm lịch. Một lưu ý khi cúng cô hồn là phải đặt lễ cúng  trước cửa nhà (hay nơi đang buôn bán). Còn cúng gia tiên thì đặt lễ cúng trên bàn thờ gia  tiên trong nhà.
50,Bài văn khấn cúng thần linh tại nhà Rằm tháng 7,Các ngày lễ tết khác,"Nam mô a di Đà Phật\! 
Nam mô a di Đà Phật\! 
Nam mô a di Đà Phật\! 
Kính lạy: Ngài Kim niên Đương cai Thái tuế Chí đức Tôn thần, ngài Bản cảnh Thành  hoàng chư vị đại vương, ngài Bản xứ Thần linh Thổ địa, ngài Bản gia Táo quân và Chư vị  thần linh cai quản xứ này. 
Hôm nay là ngày rằm tháng 7 năm .......... 
Tín chủ chúng con tên là: ...... ngụ tại nhà số ...., đường ..., phường (xã) ...., quận  (huyện) ..., tỉnh (thành phố).... Thành tâm sắm sửa hương hoa, lễ vật và các thứ cúng dâng,  bày lên trước án. 
Chúng con thành tâm kính mời: Ngài Kim niên Đương cai Thái tuế Chí đức Tôn  thần, ngài Bản cảnh Thành hoàng chư vị đại vương, ngài Bản xứ Thần linh Thổ địa, ngài  Bản gia Táo quân và tất cả các vị thần linh cai quản trong khu vực này. Cúi xin các ngài  giáng lâm án tọa, soi xét chứng giá..."
51,Bài văn khấn cúng gia tiên Rằm tháng 7,Các ngày lễ tết khác,"Nam mô a di Đà Phật\! 
Nam mô a di Đà Phật\! 
Nam mô a di Đà Phật\! 
Kính lạy tổ tiên nội ngoại họ ……. và chư vị hương linh. 
Hôm nay là rằm tháng Bảy năm........... 
Gặp tiết Vu Lan vào dịp Trung nguyên, nhớ đến tổ tiên, ông bà, cha mẹ đã sinh thành  ra chúng con, gây dựng cơ nghiệp, xây đắp nền nhân, khiến nay chúng con được hưởng âm  đức. Vì vậy cho nên nghĩ, đức cù lao không báo, cảm công trời biển khó đền. Chúng con  sửa sang lễ vật, hương hoa kim ngân và các thứ lễ bày dâng trước án linh tọa. Chúng con  thành tâm kính mời: Các cụ Cao tằng Tổ khảo, Cao tằng Tổ tỷ, Bá thúc đệ huynh, cô dì tỷ  muội và tất cả hương hồn trong nội tộc, ngoại tộc của họ ….. (Dương, Nguyên, Lê, Trần  ...) 
Cúi xin thương xót con cháu, linh thiêng giáng lâm linh sàng chứng giám lòng thành,  thụ hưởng lễ vật, ..."
52,Bài văn khấn cúng cô hồn Rằm tháng 7,Các ngày lễ tết khác,"Vào ngày Rằm tháng 7, các gia đình có thể đọc bài văn khấn dưới đây hoặc tụng nghi  thức cúng thí thực cô hồn (cúng chúng sinh) trong Kinh Nhật tụng. 
Nam mô a di Đà Phật\!
48   
Nam mô a di Đà Phật\! 
Nam mô a di Đà Phật\! 
\- Con lạy chín phương trời, mười phương Chư Phật, Chư Phật mười phương \- Con lạy Đức Phật Di Đà. Con lạy Bồ Tát Quan Âm. 
\- Con lạy Táo Phủ Thần quân Phúc đức chính thần. 
Tiết tháng 7 sắp thu phân. Ngày rằm xá tội vong nhân hải hà 
Âm cung mở cửa ngục ra. Vong linh không cửa không nhà  
Đại Thánh Khảo giáo A Nan Đà Tôn giả 
Tiếp chúng sinh không mả, không mồ bốn phương 
Gốc cây xó chợ đầu đường. Không nơi nương tựa đêm ngày lang thang Quanh năm đói rét cơ hàn. Không manh áo mỏng, che làn heo may Cô hồn nam bắc đông tây. Trẻ già trai gái về đây họp đoàn 
Dù rằng: ch..."
53,Văn cúng Tết Trung thu,Các ngày lễ tết khác,"Cúng Tết Trung thu thường được cử hành vào đêm Rằm tháng Tám (âm lịch) hằng  năm, Tết này còn gọi là ""Tết Trông Trăng""."
54,Bài văn khấn cúng gia tiên ngày Tết Trung thu,Các ngày lễ tết khác,"Nam mô a di Đà Phật\! 
Nam mô a di Đà Phật\! 
Nam mô a di Đà Phật\! 
\- Con lạy chín phương Trời, mười phương Chư Phật, Chư Phật mười phương \- Con kính lạy Hoàng thiên hậu Thổ chư vị Tôn thần 
\- Con kính lạy ngài Bản cảnh Thành hoàng, ngài Bản xứ Thổ địa, ngài Bản gia Táo  quân cùng chư vị Tôn Thần 
\- Con kính lạy Cao Tằng Tổ khảo, Cao Tằng Tổ Tỷ, Thúc Bá, Đệ Huynh, Cô Di, Tỷ  Muội họ nội họ ngoại 
Tín chủ (chúng) con là: .......... ......... 
Ngụ tại:…………………………….. 
Hôm nay là ngày Rằm tháng Tám gặp tiết Trung thu tín chủ chúng con thành tâm  sắm lễ, hương hoa trà quả, thắp nén tâm hương dâng lên trước án. 
Chúng con kính mời ngài Bản cảnh Thành hoàng Chư vị Đại Vương, ngài Bản xứ  Thần linh Thổ địa, ngài Bản gia Táo quân, Ngũ phương, Long Mạch, Tài Thần. Cúi xin  các ngài giáng lâm trư..."
55,Văn cúng Tết Hạ nguyên (Rằm tháng 10\),Các ngày lễ tết khác,"Nam mô a di Đà Phật\! 
Nam mô a di Đà Phật\! 
Con kính lạy chín phương trời, mười phương Chư Phật, Chư Phật mười phương Con kính lạy Hoàng thiên Hậu thổ chư vị tôn thần. 
Con kính lạy ngài Bản cảnh Thành hoàng, ngài Bản xứ thổ địa, ngài Bản gia táo quân  cùng chư vị Tôn thần. 
Con kính lạy Cao tằng tổ khảo, Cao tằng tổ tỷ, thúc bá, đệ huynh, cô di, tỷ muội họ  nội, họ ngoại. 
\- Tín chủ chúng con là... ngụ tại... 
Hôm nay là ngày mồng một (mồng mười, rằm) tháng Mười là ngày Tết Cơm mới,  chúng con thành tâm sắm lễ, quả cau lá trầu, hương hoa trà quả, nấu cơm gạo mới, trộm  nghĩ: 
Cây cao bóng mát/Quả tốt hương bay/Công tài bồi xưa những ai tạo/Của quý hóa nay  con cháu hưởng/Ơn trời đất Phật Tiên, chư vị Tôn thần/Sau nhờ ơn tổ tiên gây dựng, kể  công tân khổ biết là bao/Đến nay con cháu dồ..."
56,Văn cúng ngày mồng 1 và 15 hàng tháng,Các ngày lễ tết khác,"*Ý nghĩa văn khấn mồng 1 và ngày rằm hàng tháng* 
Theo phong tục của người Việt Nam, ngày mồng 1 gọi là ngày sóc. Nguyên nghĩa từ  sóc là khởi đầu, bắt đầu. Ngày mồng 1 là ngày bắt đầu của một tháng nên gọi là ngày sóc.  Ngày Rằm gọi là ngày vọng. Vọng có nghĩa là nhìn xa trông rộng, ngày mặt trăng, mặt trời  đối xứng nhau ở hai cực xa nhất trong tháng. Người xưa cho rằng: Ngày này, mặt trăng  mặt trời nhìn rõ nhau, thấu suốt nhau; soi chiếu vào mọi tâm hồn. Con người trở nên sáng  suốt trong sạch; đẩy lùi được mọi đen tối vẩn đục trong lòng. 
Nhờ sự thông suốt của mặt trăng mặt trời, nên thần thánh và Tổ tiên ông bà sẽ thông  thương với con người. Lòng thành cầu nguyện, sẽ đạt tới sự cảm ứng giữa quỷ thần và con  người trong tiểu vũ trụ “thiên địa nhân”, nên luôn được an lành. 
Người Việt..."
57,Bài văn khấn mồng 1 và ngày rằm cúng gia tiên,Các ngày lễ tết khác,"Nam mô a di Đà Phật\! 
Nam mô a di Đà Phật\! 
Nam mô a di Đà Phật\! 
\- Con lạy chín phương Trời, mười phương Chư Phật, Chư Phật mười phương. \- Con kính lạy Hoàng thiên Hậu Thổ chư vị Tôn thần. 
\- Con kính lạy ngài Bản cảnh Thành Hoàng, ngài Bản xứ Thổ địa, ngài Bản gia Táo  Quân cùng chư vị Tôn Thần. 
\- Con kính lạy Tổ tiên, Hiển khảo, Hiển Tỷ, chư vị Hương linh (nếu bố, mẹ còn sống  thì thay bằng Tổ Khảo, Tổ Tỷ) 
Tín chủ (chúng) con là: ........... 
Ngụ tại: .................................... 
Hôm nay là ngày ..... gặp tiết ..... (ngày rằm, mồng một), tín chủ con nhờ ơn đức trời  đất, chư vị Tôn thần, cù lao Tiên Tổ, thành tâm sắm lễ, hương, hoa trà quả, thắp nén tâm  hương dâng lên trước án. 
Chúng con kính mời: Bản cảnh Thành hoàng Chư vị Đại Vương, ngài Bản xứ Thân  linh Thổ địa,..."
58,Văn cúng ngày mồng 2 và 16 hàng tháng,Các ngày lễ tết khác,"Theo như quan niệm từ thời xưa, mỗi một người đều sẽ có 3 hồn và 7 vía hay 3 hồn 9  vía. Khi con người chết đi, một hồn sẽ ở lại nơi họ chết, một hồn ở lại nơi mộ của học  được chôn cất, một hồn phải đi theo quan ở dưới địa phủ để luận những tội đã làm khi còn  sống. Đối với những ai chết ở nhà và những người chết đường nhưng được người thân gọi  hồn về thì sẽ được gia đình thờ cúng ăn no, mặc đẹp. Những ai chết đường, chết chợ không  được người thân cúng bái, họ sẽ tụ tập lại để đi cướp bóc quậy phá khắp nơi – Những linh  hồn này được gọi là cô hồn 
Chính vì điều này, người ta mới lấy ngày mồng 2 và 16 hàng tháng là ngày cúng cô  hồn. Nhưng thường ngày này, chỉ những người làm ăn buôn bán mới làm. 
Theo quan niệm của những người buôn bán, khi buôn bán ế ẩm không thuận lợi, họ  cho rằng cô..."
59,Bài văn khấn cúng cô hồn mồng 2 và 16 âm lịch,Các ngày lễ tết khác,"Kính lễ mười phương tam bảo chứng minh 
Hôm nay ngày...tháng.....năm........... (Âm lịch). 
Con tên là:. ……......tuổi……….. 
Ngụ tại số nhà ….. đường..., phường (xã)..., quận (huyện)....., tỉnh/TP ....... 
Trân trọng kính mời các chư vị khuất mặt, khuất mày , kẻ lớn, người nhỏ , thập loại  cô hồn, các Đảng, âm binh ngoài đường, ngoài xá, hữu danh vô vị, hữu vị vô danh, các  chiến sĩ trận vong, đồng bào tử nạn,... về nơi đây hưởng lộc thực đầy đủ. 
Phát lòng thành tịnh, thiết lập đạo tràng, bày tiệc cam lồ, kỳ an gia trạch, kỳ an bổn  mạng. Nhờ ơn tế độ, thêm sự phước duyên, nguyện xin gia đình yên ổn, thuận lợi bán  buôn, phù hộ được buôn may bán đắt, mọi sự được sở cầu như ý, dòng họ quy hướng đạo  mầu, con cháu học hành tinh tiến, nguyện cầu thế giới hòa bình, nhơn sanh phước lạc. 
Nam mô..."
60,Bài văn khấn Thần tài và Thổ địa,Các ngày lễ tết khác,"Nam mô a di Đà Phật\! 
Nam mô a di Đà Phật\! 
Nam mô a di Đà Phật\! 
\- Con kính lạy ngài Hoàng Thiên Hậu Thổ chư vị Tôn thần. 
\- Con kính lạy ngài Đông Trù Tư mệnh Táo phủ Thần quân. 
\- Con kính lạy Thần Tài vị tiền 
\- Con kính lạy các ngài Thần linh, Thổ địa cai quản trong xứ này. 
Tín chủ con là:............ 
Hôm nay là ngày ... tháng .....năm.....(âm lịch). 
Tín chủ con thành tâm sửa biện, hương hoa, lễ vật, kim ngân, trà quả và các thứ cúng  dâng, bầy ra trước án kính mời ngài Thần Tài tiền vị và chư vị tôn Thần. 
Cúi xin Thần Tài thương xót tín chủ, giáng lâm trước án, chứng giám lòng thành, thụ  hưởng lễ vật phù trì tín chủ chúng con an ninh khang thái, vạn sự tốt lành, gia đạo hưng  long thịnh vượng, lộc tài tăng tiến, tâm đạo mở mang, sở cầu tất ứng, sở nguyện tòng tâm. 
Chúng ..."
61,Văn cúng bàn thờ Thiên ngoài trời,Các ngày lễ tết khác,"Nam mô a di Đà Phật\! 
Nam mô a di Đà Phật\! 
Nam mô a di Đà Phật\! 
\- Con kính lạy Hoàng Thiên Hậu Thổ chư vị Tôn thần. 
Tín chủ chúng con đây là ........................Tuổi..................... 
Hiện cư ngụ tại.................................................................. 
Hôm nay được biết là ngày.......... tháng..........năm.................... 
Tín chủ con xin thành tâm sắm lễ gồm hương hoa trà quả và đốt nén tâm hương dâng  lên trước án thành tâm kính mời: Đức Hoàng thiên hậu Thổ cùng Chư vị Tôn Thần. Tiền  Chủ thương xót tín chủ giáng lâm trước án và chứng giám lòng thành mà thụ hưởng lễ vật 
56   
và phù trì tín chủ chúng con được toàn gia an ninh khang thái, vạn sự tốt lành. Chúng con  lễ bạc tâm thành trước án kính lễ, cúi xin được phù hộ độ trì. 
Phục duy cẩn cáo\!"
62,Văn cúng Lễ phóng sinh,"Lễ chùa, đình, miếu","Chúng sanh nay có bấy nhiêu 
Lắng tai nghe lấy những lời dạy răn 
Các ngươi trước lòng trần tục lắm 
Nên đời này chìm đắm sông mê 
Tối tăm chẳng biết làm lành 
Gây bao tội ác, lạc vào trầm luân 
Do vì đời trước ác tâm 
Nên nay chịu quả khổ đau vô cùng 
Mang, lông, mai, vẩy, đội sừng 
Da trơn, nhám, láng, các loài súc sanh 
Do vì ghen ghét, tham sân 
Do vì lợi dưỡng hại người làm vui 
Do vì gây oán chuốc thù 
Do vì hại vật, hại sanh thoả lòng 
Do vì chia cách, giam cầm 
Do vì đâm thọc chịu bao khổ hình 
Cầu xin Phật lực từ bi 
Lại nhờ Phật tử mở lòng xót thương 
Nay nhờ Tăng chúng hộ trì 
Kết duyên Tam bảo thoát vòng khổ đau 
Hoặc sanh lên các cõi trời 
Hoặc liền thức tỉnh về nơi cõi lành 
Hoặc sanh lên được làm người 
Biết phân thiện ác, tránh điều lầm mê..... 
Chúng sanh Quy y Phật
57   
..."
63,Văn cúng lễ Phật,"Lễ chùa, đình, miếu","Nam mô a di Đà Phật\! 
Nam mô a di Đà Phật\! 
Nam mô a di Đà Phật\! 
Hôm nay là ngày ... tháng ... năm … âm lịch 
Tín chủ con là ..................... 
Ngụ tại ............................... 
Cùng toàn thế gia đình thành tâm trước Đại Hùng Bảo Điện, nơi chùa ……… dâng  nén tâm hương, dốc lòng kính lạy: Đức Phật Thích Ca, Đức Phật Di Đà, Mười phương chư  Phật, Vô thượng Phật pháp, Quán Âm Đại Sỹ, cùng Thánh hiền Tăng. 
Đệ tử lâu đời, lâu kiếp, nghiệp chướng nặng nề, si mê lầm lạc. Nay đến trước Phật  đài, thành tâm sám hối, thể tránh điều dữ, nguyện làm việc lành. Ngửa trông ơn Phật, Quán  Âm Đại Sỹ, chư Thánh hiền Tăng, Thiên Long Bát bộ, Hộ pháp Thiên thần, từ bi gia hộ. Khiến cho chúng con và cả gia đình tâm không phiền não, thân không bệnh tật, hàng ngày  an vui, sống và làm việc theo p..."
64,Văn cúng Đức Ông \- Đức Chúa Ông (Tôn giả Tu-đạt),"Lễ chùa, đình, miếu","Nam mô a di Đà Phật\! 
Nam mô a di Đà Phật\! 
Nam mô a di Đà Phật\! 
Kính lạy Đức Ông Tu Đạt Tôn Giả, Thập Bát Long Thần, Già Lam Chân Tế. Hôm nay là ngày ... tháng ..... năm ...... 
Tín chủ con là ............ …………………. 
Ngụ tại .....................................................
60   
Cùng cả gia đình thân tới cửa chùa ..................... trước điện Đức Ông, thành tâm kính  lễ, (nếu có đang lễ vật thì khấn thêm “hiến dâng phẩm vật, kim ngân tịnh tài”), chúng con  tâu lên Ngài Tu Đạt Tôn Giả từ cảnh trời cao soi xét. 
Chúng con kính tâu lên Ngài Già Lam Chân Tể cai quản trong nội tự cùng các Thánh  Chúng trong cảnh chùa đây. 
Thiết nghĩ chúng con sinh nơi trần tục, nhiều sự lỗi lầm, hôm nay tỏ lòng thành kính,  cúi xin Đức Ông thể đức hiếu sinh, rủ lòng tế độ che chở cho chúng con, ba ..."
65,Văn cúng Đức Thánh Hiền (Đức A-nan-đà Tôn Giả),"Lễ chùa, đình, miếu","Nam mô a di Đà Phật\! 
Nam mô a di Đà Phật\! 
Nam mô a di Đà Phật\! 
Con cúi lạy Đức Thánh Hiền, Đại Thánh Khải Giáo A Nan Đà Tôn Giả. Hôm nay là ngày ..... tháng ..... năm .....  
Tín chủ con là ............ …………………. 
Ngụ tại ..................................................... 
Chúng con thành tâm tiến dâng lễ bạc, oản quả, hương hoa. 
Cầu mong Tam Bảo chứng minh, Đức Thánh Hiền chứng giám, rủ lòng thương xót  phù hộ cho con được mọi sự tốt lành, sức khỏe dồi dào, an ninh khang thái, gia đạo hưng  long, thịnh vượng.... 
Cúi mong Ngài soi xét tâm thành, phù hộ cho gia đình chúng con được sở cầu như ý,  sở nguyện tòng tâm. 
Nam mô a di Đà Phật\! 
Nam mô a di Đà Phật\! 
Nam mô a di Đà Phật\!
61"
66,"Văn cúng cầu tài, cầu lộc, cầu bình an ở ban Tam Bảo","Lễ chùa, đình, miếu","Văn khấn cầu tài, cầu lộc, cầu bình an ở ban Tam Bảo (Phật Bảo, Pháp Bảo, Tăng  Bảo) 
Nam mô a di Đà Phật\! 
Nam mô a di Đà Phật\! 
Nam mô a di Đà Phật\! 
Đệ tử con thành tâm kính lạy Mười phương chư Phật, chư vị Bồ Tát, chư Hiền Thánh  Tăng, Hộ pháp Thiện thân, Thiên Long Bát Bộ. 
Hôm nay là ngày ..... tháng ..... năm ....  
Tín chủ con là ............…………………. 
Ngụ tại ..................................................... 
Thành tâm dâng lễ bạc cùng sớ trạng (nếu viết sớ đặt trên mâm lễ vật) lên cửa Mười  phương Thường trụ Tam Bảo. 
Chúng con xin dốc lòng kính lễ. 
\- Đức Phật A Di Đà giáo chủ cõi Cực Lạc Tây phương. 
\- Đức Phật Thích Ca Mâu Ni giáo chủ cõi Sa Bà. 
\- Đức Phật Dược Sư Lưu Ly giáo chủ cõi Đông phương. 
\- Đức Thiên thủ, Thiên nhãn, Ngũ bách danh tầm thanh cứu khổ cứu nạn,..."
67,Văn cúng Bồ tát Quán Thế Âm,"Lễ chùa, đình, miếu","Nam mô a di Đà Phật\! 
Nam mô a di Đà Phật\! 
Nam mô a di Đà Phật\! 
Nam mô Đại từ Đại bi Linh cảm Quán Thế Bồ Tát. 
Kính lạy Đức Viên Thông giáo chủ thùy từ chứng giám. 
Chúng con có nghe Đức Phật dạy trong kinh Diệu Pháp Liên Hoa phẩm Phổ Môn  rằng 
*""Dù chỉ nghe tên Quán Thế Âm* 
*Hay dù chỉ thấy bức chân dung,* 
*Nhất tâm trì niệm hồng danh ấy,* 
*Thoát mọi hung tai, được cát tường"".* 
Hôm nay là ngày ..... tháng ..... năm ..... 
Tín chủ con là ............…………………. 
Ngụ tại ..................................................... 
Thành tâm đến trước Phật đài, nơi điện Đại bi, kính dâng phẩm vật, hương hoa kim  ngân tịnh tài, ngũ thể đầu thành, nhất tâm kính lễ dưới tòa sen hồng. 
Cúi xin Đức Đại Sỹ không rời bản nguyện chở che cứu vớt chúng con như mẹ hiền  phù trì con đỏ. Nhờ nước dương..."
68,Văn cúng lễ Thánh mẫu,"Lễ chùa, đình, miếu","Nam mô a di Đà Phật\! 
Nam mô a di Đà Phật\! 
Nam mô a di Đà Phật\! 
Hương tử chúng con thành tâm kính lạy Đức Hiệu Thiên chí tôn kim quyết Ngọc  Hoàng Huyền cung cao Thượng đế. 
\- Đức Cửu Trùng Thanh Vân lục cung công chúa. 
\- Đức thiên tiên Quỳnh Hoa Liễu Hạnh Mã Hoàng công chúa, sắc phong Chế Thắng  Hòa Diệu đại vương, gia phong Tiên Hương Thánh mẫu. 
\- Đức đệ nhị đỉnh thượng cao sơn triều mường Sơn tinh công chúa Lê Mại Đại  Vương. 
\- Đức đệ tam thủy phủ, Lân nữ công chúa. 
\- Đức đệ tứ khâm sai Thánh mẫu, tứ vị chầu bà, năm tòa quan lớn, mười dinh các  quan, mười hai Tiên cô, mười hai Thánh cậu, ngũ hỗ Đại tướng, Thanh Hoàng Bạch xà đại  tướng. 
Tín chủ con là ............…………………. 
Ngụ tại ..................................................... 
Cùng toàn thể gia đình đến nơi điện (..."
69,Văn cúng Thành hoàng,"Lễ chùa, đình, miếu","Nam mô a di Đà Phật\! 
Nam mô a di Đà Phật\! 
Nam mô a di Đà Phật\!
64   
\- Con lạy chín phương trời, mười phương Chư Phật, Chư Phật mười phương. \- Con kính lạy Hoàng Thiên Hậu Thô chư vị Tôn Thần. 
\- Con xin kính lạy ngài Kim Niên Đương cai Thái tuế chí đức Tôn Thần. \- Con kính lạy ngài Bản cảnh Thành Hoàng chư vị Đại Vương. 
Hương tử con là: ............ 
Ngụ tại: ......................... 
Hôm nay là ngày ... tháng ... năm ............  
Hương tử con đến nơi ..................... 
Thành tâm kính nghĩ: Đức Đại Vương nhận mệnh Thiên Đình giáng lâm trên đất  nước Việt Nam làm Bản cảnh Thành Hoàng chủ tể một phương bấy nay ban phúc lành che  chở cho dân. Nay hương tử chúng con thành tâm dâng lên lễ bạc, hiến tế hương hoa, phẩm  oản. 
Cầu mong đức Bản cảnh Thành hoàng chư vị Đại Vương ch..."
70,Văn cúng bà Tổ cô,"Làm nhà, chuyển nhà, tân gia, khai trương","Nam mô a di Đà Phật\! 
Nam mô a di Đà Phật\! 
Nam mô a di Đà Phật\! 
\- Con lạy chín phương Trời, mười phương Chư Phật, Chư Phật mười phương. \- Con kính lạy Đức Dương lại hạ sinh Di lặc Tôn Phật. 
\- Con kính lạy các cụ Tổ Khảo, Tổ Tỷ, Bá Thúc Huynh Đệ, đương thượng Tiên linh  và các hương hồn nội tộc ngoại tịch, bà tổ cô dòng họ ............ tại .......... Tạ thế ngày ..........  phần mộ ký táng tại ............ nay nhân ngày huý nhật chứng minh công đức.  
Tín chủ (chúng) con là:.................. Ngụ tại ........................ 
Nay theo tuế luật, âm dương vận hành, con cháu tưởng nhớ ân đức Tô Tiên như trời  cao biển rộng. Hôm nay ngày ........ tháng ........ năm ........., tín chủ con cùng toàn thể con 
65   
cháu trong nhà sửa sang lễ vật, hương hoa nước quả, thắp nén hương thơm, d..."
71,Bài văn khấn lễ động thổ,"Làm nhà, chuyển nhà, tân gia, khai trương","Nam mô a di Đà Phật\! 
Nam mô a di Đà Phật\! 
Nam mô a di Đà Phật\! 
\- Con lạy chín phương Trời, mười phương Chư Phật, Chư Phật mười phương. \- Con kính lạy Hoàng thiên Hậu Thổ chư vị Tôn thần. 
\- Con kính lạy Quan Đương niên. 
\- Con kính lạy các Tôn phần bản xứ. 
Tín chủ (chúng) con là:............... Ngụ tại:………. 
Hôm nay là ngày... tháng....năm..... tín chủ con thành tâm sắm lễ, quả cau lá trầu,  hương hoa trà quả, thắp nén tâm hương, dâng lên trước án, có lời thưa rằng: 
Hôm nay tín chủ con khởi tạo.... (nếu cất nóc thì đọc là cất nóc, nếu xây cổng thì đọc  là xây cổng) ngôi đương cơ trụ trạch để làm nơi cư ngụ cho gia đình con cháu. 
Nay chọn được ngày lành tháng tốt, kính cáo chư vị linh thần, cúi mong soi xét và  cho phép được động thổ (hoặc cất nóc). 
Tín chủ con lòng thành lễ v..."
72,"Văn cúng khi chuyển nhà, sửa nhà hàng","Làm nhà, chuyển nhà, tân gia, khai trương","Khi gia đình muốn chuyển nhà mới hoặc sửa, cải tạo nhà đang ở, theo quan niệm tín  ngưỡng dân gian thì chúng ta phải xin phép, cáo trình với thần linh, thổ địa tại khu đất đó  để các ngài cho phép được tiến hành công việc. Vì khi chuyển nhà, sửa nhà thường đập  phá, xây mới, dễ va chạm gây ra tiếng động ồn làm ảnh hưởng đến các thần linh."
73,Bài văn khấn khi chuyển nhà & sửa nhà.,"Làm nhà, chuyển nhà, tân gia, khai trương","Nam mô a di Đà Phật\! 
Nam mô a di Đà Phật\! 
Nam mô a di Đà Phật\! 
\- Con lạy chín phương Trời, mười phương Chư Phật, Chư Phật mười phương. \- Con kính lạy Hoàng thiên Hậu Thổ chư vị Tôn thần. 
\- Con kính lạy Quan Đương niên. 
\- Con kính lạy các Tôn thần bản xứ. 
Tín chủ (chúng) con là:...... 
Ngụ tại: số nhà/phường/xã/quận/huyện/tỉnh/thành.... 
Hôm nay là ngày .....tháng .....năm ..... 
Tín chủ con thành tâm sắm lễ, quả cau lá trầu, hương hoa trà quả, thắp nén hương  dâng lên trước án, có lời thưa rằng: 
Vì tín chủ con khởi tạo (hoặc tu sửa, di dời) căn nhà ở địa chỉ (số nhà/phường/xã  /quận/huyện/tỉnh/thành) ngôi đương cơ trụ trạch để làm nơi cư ngụ cho gia đình con cháu.  Nay chọn được ngày lành tháng tốt, kính cáo chư vị linh thần, cúi soi xét và cho phép được  động thổ (tu sửa/ di..."
74,Văn cúng lễ nhập trạch,"Làm nhà, chuyển nhà, tân gia, khai trương","Nhập trạch \- “nhập” nghĩa là “vào”, “trạch” nghĩa là “nhà đất”. Lễ Nhập trạch là nghi  lễ vào nhà mới. Khi về nhà mới, người nhà thường làm 2 lễ: 1 lễ cúng tổ tiên và 1 lễ cúng  thần linh. Lễ cúng tổ tiên là để báo cáo và mời gia tiên về thăm nhà mới, lễ cúng thần linh  là để báo cáo các thần linh cai quản miếng đất đó, xin các ngài chứng giám và che chở cho  các thành viên trong gia đình. 
Văn khấn lễ Nhập trạch: Khi khấn lễ Nhập trạch vào nhà mới, chúng ta khấn thần  linh trước, khấn tổ tiên sau, văn khấn như sau:"
75,Bài văn khấn thần linh khi vào nhà mới,"Làm nhà, chuyển nhà, tân gia, khai trương","Nam mô a di Đà Phật\! 
Nam mô a di Đà Phật\! 
Nam mô a di Đà Phật\! 
\- Con lạy chín phương Trời, mười phương Chư Phật, Chư Phật mười phương. \- Con kính lạy Hoàng thiên Hậu Thổ chư vị Tôn thần. 
\- Con kính lạy Các ngài Thần linh bản xứ cai quản trong khu vực này. Tín chủ (chúng) con là: 
Hôm nay là ngày ... tháng ... năm ...tín chủ con thành tâm sắm lễ, quả cau lá trầu,  hương hoa trà quả, thắp nén tâm hương dâng lên trước án. 
Trước bản tọa chư vị Tôn thần tín chủ con kính cẩn tấu trình: 
Các vị Thần linh, 
Thông minh chính trực, 
Giữ ngôi tam thai, 
Nắm quyền tạo hóa, 
Thể đức hiếu sinh,
69   
Phù hộ dân lành, 
Bảo vệ sinh linh, 
Nêu cao chính đạo, 
Nay gia đình chúng con hoàn tất tân gia, chọn được ngày lành dọn đến cư ngụ, phần  sài nhóm lửa, kính lễ khánh hạ. 
Cầu xin chư vị minh Th..."
76,Bài văn khấn tổ tiên khi vào nhà mới,"Làm nhà, chuyển nhà, tân gia, khai trương","Nam mô a di Đà Phật\! 
Nam mô a di Đà Phật\! 
Nam mô a di Đà Phật\! 
Kính lạy Tiên nội ngoại họ: (Nguyên/Lê/Dương...) 
Hôm nay là ngày ... tháng ...năm.... 
Gia đình chúng con mới dọn đến đây là: số nhà phường/xã/quận huyện tỉnh/thành. 
Chúng con thành tâm sắm lễ, quả cau lá trầu, hương hoa trà quả, thắp nén. tấm hương  dâng lên trước bàn thờ Cụ nội ngoại gia tiên. 
Nhờ hồng phúc tổ tiên, ông bà cha mẹ, chúng con đã tạo lập được ngôi nhà mới. 
Nhân chọn được ngày lành tháng tốt, thiết lập án thờ, kê giường nhóm lứa, kính lễ  khánh hạ. 
Cúi xin các cụ, ông bà cùng chư vị Hương linh nội ngoại họ (Nguyễn/Lê Dương...)  thương xót con cháu, chứng giám lòng thành, giáng phó linh sàng thụ hưởng lễ vật, phù hộ 
70   
độ trì cho chúng con, lộc tài vượng tiên, gia đạo hưng long, cháu con được bình a..."
77,Văn cúng mừng tân gia,"Làm nhà, chuyển nhà, tân gia, khai trương","Theo phong tục tập quán từ xưa cho đến nay, sau lễ Nhập trạch dọn về nhà mới, gia  chủ phải làm lễ Tân gia. 
Văn khấn cho lễ Tân gia: 
\- Văn khấn yết cáo Táo quân Thổ thần. 
\- Văn cúng gia tiên nhân lễ Tân gia."
78,Bài văn khấn yết cáo Táo quân Thổ thần,"Làm nhà, chuyển nhà, tân gia, khai trương","Nam mô a di Đà Phật\! 
Nam mô a di Đà Phật\! 
Nam mô a di Đà Phật\! 
Con lạy chín phương trời, mười phương Chư Phật, Chư Phật mười phương. Hôm nay là ngày.... tháng.......... năm ........... 
Tại thôn....... xã...... huyện........ tỉnh........... 
Tín chủ con là .... 
Thành tâm săm lễ, quả cau lá trầu, hương hoa trà quả, thắp nén tâm hương dâng lên trước án tọa Đông trù Tư mệnh Táo phủ Thần quân.  
Kính cẩn tâu rằng: 
Ngài giữ ngôi nam thái 
Trừ tai cứu họa, bảo vệ dân lành 
Nay bản gia hoàn tất công trình 
Chọn ngày lành gia đình nhóm lửa 
Nhân lễ khánh hạ, kính cẩn tấu trình:  
Cầu xin gia đình, an ninh khang thái
71   
Làm ăn tấn tới, tài lộc dồi dào 
Cửa rộng nhà cao, trong êm ngoài ấm 
Vợ chồng hòa thuận, con cháu sum vầy 
Cúi nhờ ân đức cao dày 
Đoái thương phù trì bảo hộ. 
Chúng con..."
79,Bài văn khấn gia tiên tại lễ cúng Tân Gia,"Làm nhà, chuyển nhà, tân gia, khai trương","Nam mô a di Đà Phật\! 
Nam mô a di Đà Phật\! 
Nam mô a di Đà Phật\! 
Con lạy chín phương trời, mười phương Chư Phật, Chư Phật mười phương. Hôm nay là ngày ... tháng.......... năm ............. 
Tại thôn....... xã...... huyện........ tỉnh............  
Tín chủ con là .......... 
Hôm nay là ngày... tháng... năm...., tín chủ con cùng gia đình mới dọn đến đây là:  (địa chỉ)………. 
Tín chủ con thiết lập linh sàng, sắp sửa lễ vật, bày trên bàn thờ, trước linh tọa kính  trình các Cụ nội ngoại Gia tiên Tiền tổ. Nhờ hồng phúc Tổ tiên, ông bà cha mẹ, chúng con  đã tạo lập được ngôi nhà mới, thiết lập thiết lập hương án thờ, kê giường nhóm lửa kính lễ  khánh hạ. Nay chúng con làm lễ tân gia, cúi xin các cụ, ông bà cùng chư vị Hương linh nội  ngoại thương xót con cháu, chứng giám lòng thành, thụ hưởng l..."
80,Văn cúng lễ khai trương cửa hàng,"Làm nhà, chuyển nhà, tân gia, khai trương","Theo quan niệm tín ngưỡng dân gian, lễ khai trương là buổi lễ chúng ta xin phép thần  linh cai quản khu đất đó, phù hộ độ trì và bảo trợ cho cửa hàng được làm ăn tấn tới."
81,Bài văn khấn lễ khai trương cửa hàng,"Làm nhà, chuyển nhà, tân gia, khai trương","Nam mô a di Đà Phật\! 
Nam mô a di Đà Phật\! 
Nam mô a di Đà Phật\! 
Con lạy chín phương Trời, mười phương Chư Phật, Chư Phật mười phương. Con kính lạy Quan Đương niên Hành khiển Thái tuế đức Tôn thần. 
Con kính lạy các ngài Bản cảnh Thành hoàng chư vị Đại Vương. 
Con kính lạy các Ngài Ngũ phương, Ngũ thổ, Long mạch, Tài thần định phúc Táo  quân, chư vị Tôn thần. 
Con kính lạy các Thần linh cai quản trong khu vực này. 
Tín chủ (chúng) con là: ....  
Tuổi: ..... 
Hiện ở địa chỉ: số nhà phường/xã/quận/huyện/tỉnh/thành. 
Hôm nay là ngày ... tháng .....năm..... 
Tín chủ con thành tâm sắm sửa lễ, quả cau lá trầu, hương hoa trà quả, thắp nén tâm  hương dâng lên trước án, lòng thành tâu rằng: 
Tín chủ con xây cất (hoặc thuê được) một ngôi hàng ở tại xứ này (địa chỉ số  nhà/phường/xã/quận/huyện/tỉ..."
